station,date,type,precipitation_vol,max_temp,min_temp,humidity,wind_speed
83377,20/06/2016,start,,27.4,,50.5,2.009627
83377,20/06/2016,end,0,,14.6,,
83377,21/06/2016,start,,28.2,,53.25,3.666667
83377,21/06/2016,end,0,,14.7,,
83377,22/06/2016,start,,26.5,,53,1.666667
83377,22/06/2016,end,0,,15.6,,
83377,23/06/2016,start,,28,,41.25,1
83377,23/06/2016,end,0,,16.3,,
83377,24/06/2016,start,,28.1,,43,3.666667
83377,24/06/2016,end,0,,12.8,,
83377,25/06/2016,start,,25.8,,45.5,5
83377,25/06/2016,end,0,,16,,
83377,26/06/2016,start,,25.5,,61,3.666667
83377,26/06/2016,end,0,,13.7,,
83377,27/06/2016,start,,24.2,,52.75,1.666667
83377,27/06/2016,end,0,,13.2,,
83377,28/06/2016,start,,25.7,,53,4.666667
83377,28/06/2016,end,0,,12.4,,
83377,29/06/2016,start,,25.5,,55,4.333333
83377,29/06/2016,end,0,,14.2,,
83377,30/06/2016,start,,25.3,,61.5,4.666667
83377,30/06/2016,end,0,,14,,
83377,01/07/2016,start,,25.7,,50.25,3
83377,01/07/2016,end,0,,14.4,,
83377,02/07/2016,start,,26.2,,50.5,3
83377,02/07/2016,end,0,,13.9,,
83377,03/07/2016,start,,26.4,,52.75,4
83377,03/07/2016,end,0,,15.1,,
83377,04/07/2016,start,,26.8,,55.5,4.333333
83377,04/07/2016,end,0,,14.1,,
83377,05/07/2016,start,,26.6,,58.75,2
83377,05/07/2016,end,0,,14.8,,
83377,06/07/2016,start,,27.6,,55.25,0.666667
83377,06/07/2016,end,0,,15.1,,
83377,07/07/2016,start,,29.1,,48.5,0
83377,07/07/2016,end,0,,14,,
83377,08/07/2016,start,,29,,43.5,1.34296
83377,08/07/2016,end,0,,18.3,,
83377,09/07/2016,start,,29.6,,42.75,0.34296
83377,09/07/2016,end,0,,18.7,,
83377,10/07/2016,start,,30,,50,1
83377,10/07/2016,end,0,,14.8,,
83377,11/07/2016,start,,29.4,,39.25,0
83377,11/07/2016,end,0,,13.5,,
83377,12/07/2016,start,,29.5,,36,0.666667
83377,12/07/2016,end,0,,13,,
83377,13/07/2016,start,,29.3,,33.25,0.68592
83377,13/07/2016,end,0,,13,,
83377,14/07/2016,start,,30.8,,39.25,1.34296
83377,14/07/2016,end,0,,12.8,,
83377,15/07/2016,start,,30.6,,39.75,0
83377,15/07/2016,end,0,,13.9,,
83377,16/07/2016,start,,30.6,,37.5,0
83377,16/07/2016,end,0,,14,,
83377,17/07/2016,start,,29.8,,52.5,0
83377,17/07/2016,end,0,,15.4,,
83377,18/07/2016,start,,30,,39,1.666667
83377,18/07/2016,end,0,,12.5,,
83377,19/07/2016,start,,30.6,,36.75,2
83377,19/07/2016,end,0,,13.8,,
83377,20/07/2016,start,,30.4,,46,1
83377,20/07/2016,end,0,,14.2,,
83377,21/07/2016,start,,30.1,,41,1
83377,21/07/2016,end,0,,14.3,,
83377,22/07/2016,start,,28.8,,39,1
83377,22/07/2016,end,0,,14,,
83377,23/07/2016,start,,28.4,,49.5,3.666667
83377,23/07/2016,end,0,,17.4,,
83377,24/07/2016,start,,27.4,,43.25,1.666667
83377,24/07/2016,end,0,,16.3,,
83377,25/07/2016,start,,27.2,,52.5,3.666667
83377,25/07/2016,end,0,,15,,
83377,26/07/2016,start,,28.1,,52.75,3.666667
83377,26/07/2016,end,0,,16,,
83377,27/07/2016,start,,28.8,,38.25,0
83377,27/07/2016,end,0,,13.5,,
83377,28/07/2016,start,,28.5,,36.25,3
83377,28/07/2016,end,0,,16,,
83377,29/07/2016,start,,27.5,,40.25,3.333333
83377,29/07/2016,end,0,,15,,
83377,30/07/2016,start,,25.8,,47.5,3.666667
83377,30/07/2016,end,0,,14.6,,
83377,31/07/2016,start,,25.8,,49.25,3.666667
83377,31/07/2016,end,0,,13.7,,
83377,01/08/2016,start,,26.4,,50,1
83377,01/08/2016,end,0,,14.3,,
83377,02/08/2016,start,,27.6,,40,2
83377,02/08/2016,end,0,,11.8,,
83377,03/08/2016,start,,28.2,,45.5,3.666667
83377,03/08/2016,end,0,,13.2,,
83377,04/08/2016,start,,27.9,,52.5,4
83377,04/08/2016,end,0,,15,,
83377,05/08/2016,start,,25.7,,43.25,1.333333
83377,05/08/2016,end,0,,16.7,,
83377,06/08/2016,start,,28.4,,42,1.34296
83377,06/08/2016,end,0,,12.8,,
83377,07/08/2016,start,,29.8,,42.75,1.34296
83377,07/08/2016,end,0,,13.1,,
83377,08/08/2016,start,,31.2,,37.25,0.666667
83377,08/08/2016,end,0,,13.7,,
83377,09/08/2016,start,,31.8,,33.75,0
83377,09/08/2016,end,0,,15.1,,
83377,10/08/2016,start,,32.2,,31.25,0
83377,10/08/2016,end,0,,16.1,,
83377,11/08/2016,start,,30.8,,43.25,0.666667
83377,11/08/2016,end,0,,15.8,,
83377,12/08/2016,start,,29.9,,34,1.009627
83377,12/08/2016,end,0,,15.7,,
83377,13/08/2016,start,,30.1,,45.5,1
83377,13/08/2016,end,0,,16,,
83377,14/08/2016,start,,30.1,,70.5,2.666667
83377,14/08/2016,end,0,,19,,
83377,15/08/2016,start,,31.8,,43,0
83377,15/08/2016,end,11.1,,16.2,,
83377,16/08/2016,start,,25.2,,70.5,1.666667
83377,16/08/2016,end,0,,17.2,,
83377,17/08/2016,start,,29,,58,1
83377,17/08/2016,end,0,,17.1,,
83377,18/08/2016,start,,32,,35,2.666667
83377,18/08/2016,end,0,,16.6,,
83377,19/08/2016,start,,32.4,,37.25,3
83377,19/08/2016,end,0,,20.1,,
83377,20/08/2016,start,,32.4,,45.5,2.666667
83377,20/08/2016,end,0,,19.6,,
83377,21/08/2016,start,,30,,64,2
83377,21/08/2016,end,0,,18.3,,
83377,22/08/2016,start,,27.8,,53,3.333333
83377,22/08/2016,end,0,,11.1,,
83377,23/08/2016,start,,30.2,,49.5,3.333333
83377,23/08/2016,end,0,,14.8,,
83377,24/08/2016,start,,27.6,,61,2.666667
83377,24/08/2016,end,6.4,,17.4,,
83377,25/08/2016,start,,28.6,,44.75,1.4
83377,25/08/2016,end,0,,16.8,,
83377,26/08/2016,start,,28.7,,31.5,1
83377,26/08/2016,end,0,,15.8,,
83377,27/08/2016,start,,29.8,,35.75,1.333333
83377,27/08/2016,end,0,,16.1,,
83377,28/08/2016,start,,30.2,,55.5,2
83377,28/08/2016,end,0,,18.3,,
83377,29/08/2016,start,,29.4,,39.5,2.333333
83377,29/08/2016,end,3.4,,17.6,,
83377,30/08/2016,start,,30.9,,40.75,2.009627
83377,30/08/2016,end,0,,15.8,,
83377,31/08/2016,start,,31.7,,37.25,0
83377,31/08/2016,end,0,,17.7,,
83377,01/09/2016,start,,32.9,,42.75,2.666667
83377,01/09/2016,end,0,,17.5,,
83377,02/09/2016,start,,30.8,,43,5
83377,02/09/2016,end,0,,19.5,,
83377,03/09/2016,start,,29,,35.75,6
83377,03/09/2016,end,0,,17.8,,
83377,04/09/2016,start,,30.2,,33.75,0.666667
83377,04/09/2016,end,0,,17.8,,
83377,05/09/2016,start,,30,,35,1.666667
83377,05/09/2016,end,0,,18.3,,
83377,06/09/2016,start,,31,,35.25,1
83377,06/09/2016,end,0,,16,,
83377,07/09/2016,start,,32.4,,33.5,1.34296
83377,07/09/2016,end,0,,16.7,,
83377,08/09/2016,start,,30.7,,43.5,1.333333
83377,08/09/2016,end,0,,18.6,,
83377,09/09/2016,start,,32.6,,33.5,0.333333
83377,09/09/2016,end,0,,18.3,,
83377,10/09/2016,start,,31.2,,34.75,2.666667
83377,10/09/2016,end,0,,19.4,,
83377,11/09/2016,start,,30,,35.75,3.666667
83377,11/09/2016,end,0,,19.2,,
83377,12/09/2016,start,,30.7,,26.75,4.34296
83377,12/09/2016,end,0,,16,,
83377,13/09/2016,start,,31.6,,32.75,1.666667
83377,13/09/2016,end,0,,16.3,,
83377,14/09/2016,start,,34.2,,28.75,0
83377,14/09/2016,end,0,,18.3,,
83377,15/09/2016,start,,34.1,,31.75,0.34296
83377,15/09/2016,end,0,,19.1,,
83377,16/09/2016,start,,34.9,,37,1
83377,16/09/2016,end,0,,20.1,,
83377,17/09/2016,start,,34,,32.5,1.333333
83377,17/09/2016,end,0,,20.6,,
83377,18/09/2016,start,,33.2,,37,1.666667
83377,18/09/2016,end,0,,18.6,,
83377,19/09/2016,start,,33.9,,35.5,1
83377,19/09/2016,end,0,,20.6,,
83377,20/09/2016,start,,33.3,,46.25,2
83377,20/09/2016,end,0,,17.7,,
83377,21/09/2016,start,,32,,45.5,0
83377,21/09/2016,end,0,,20.5,,
83377,22/09/2016,start,,32.4,,43.75,1.333333
83377,22/09/2016,end,0,,19.8,,
83377,23/09/2016,start,,31.4,,62,2.666667
83377,23/09/2016,end,0,,19.2,,
83377,24/09/2016,start,,27.8,,69.25,0
83377,24/09/2016,end,18,,17.2,,
83377,25/09/2016,start,,30.5,,70.25,2.666667
83377,25/09/2016,end,14.1,,17.2,,
83377,26/09/2016,start,,30.1,,68.75,1
83377,26/09/2016,end,0.4,,16.9,,
83377,27/09/2016,start,,31.5,,50.75,1.34296
83377,27/09/2016,end,23.3,,16.9,,
83377,28/09/2016,start,,31.2,,51.75,2
83377,28/09/2016,end,0,,17.7,,
83377,29/09/2016,start,,30.2,,60.75,0
83377,29/09/2016,end,0,,18.6,,
83377,30/09/2016,start,,31.2,,61.25,0
83377,30/09/2016,end,0.1,,19,,
83377,01/10/2016,start,,29.4,,60.25,0
83377,01/10/2016,end,0,,19.3,,
83377,02/10/2016,start,,31.2,,51.75,3
83377,02/10/2016,end,0.2,,18.9,,
83377,03/10/2016,start,,30.4,,58.75,2.019253
83377,03/10/2016,end,0,,20.6,,
83377,04/10/2016,start,,24.1,,90.5,0
83377,04/10/2016,end,3.5,,17.9,,
83377,05/10/2016,start,,26.3,,86.5,2.666667
83377,05/10/2016,end,7.1,,16.5,,
83377,06/10/2016,start,,26.4,,67.25,3.009627
83377,06/10/2016,end,14.6,,16,,
83377,07/10/2016,start,,30.3,,52.5,1.34296
83377,07/10/2016,end,0,,14.6,,
83377,08/10/2016,start,,31.8,,44,0.666667
83377,08/10/2016,end,0,,15,,
83377,09/10/2016,start,,31,,54.75,0
83377,09/10/2016,end,0,,17.9,,
83377,10/10/2016,start,,30.4,,50.75,2
83377,10/10/2016,end,0,,20.1,,
83377,11/10/2016,start,,30.4,,47,4.666667
83377,11/10/2016,end,0,,20.1,,
83377,12/10/2016,start,,30.5,,52.25,1.666667
83377,12/10/2016,end,0,,19.5,,
83377,13/10/2016,start,,30.3,,48,1.333333
83377,13/10/2016,end,0,,21.5,,
83377,14/10/2016,start,,30.9,,53.25,1
83377,14/10/2016,end,0,,20.6,,
83377,15/10/2016,start,,32.6,,39,3.009627
83377,15/10/2016,end,0,,20.6,,
83377,16/10/2016,start,,33.5,,33.75,1.666667
83377,16/10/2016,end,0,,21.7,,
83377,17/10/2016,start,,33.9,,33.75,1
83377,17/10/2016,end,0,,21.6,,
83377,18/10/2016,start,,33.5,,56.25,1.34296
83377,18/10/2016,end,0,,21.1,,
83377,19/10/2016,start,,33.8,,56.5,2.009627
83377,19/10/2016,end,1.4,,19.5,,
83377,20/10/2016,start,,28.7,,68,0
83377,20/10/2016,end,1.2,,20.6,,
83377,21/10/2016,start,,30.5,,78,1.666667
83377,21/10/2016,end,16.9,,19.1,,
83377,22/10/2016,start,,29,,72.25,1
83377,22/10/2016,end,14.8,,17.9,,
83377,23/10/2016,start,,30,,55.25,1.34296
83377,23/10/2016,end,6.6,,17.8,,
83377,24/10/2016,start,,31.6,,42.5,1
83377,24/10/2016,end,0,,19,,
83377,25/10/2016,start,,32.6,,55.5,2.666667
83377,25/10/2016,end,0,,19.6,,
83377,26/10/2016,start,,31.6,,44.75,1.666667
83377,26/10/2016,end,0,,17.5,,
83377,27/10/2016,start,,29.7,,74.25,1.02888
83377,27/10/2016,end,0,,18.6,,
83377,28/10/2016,start,,29,,74.75,1
83377,28/10/2016,end,7.2,,18.2,,
83377,29/10/2016,start,,29,,78.75,1
83377,29/10/2016,end,0.3,,18.9,,
83377,30/10/2016,start,,26.4,,77.5,2.676293
83377,30/10/2016,end,9.6,,18.9,,
83377,31/10/2016,start,,29,,72,1.333333
83377,31/10/2016,end,0.3,,18.4,,
83377,01/11/2016,start,,24.3,,81.5,2.34296
83377,01/11/2016,end,2.7,,18.9,,
83377,02/11/2016,start,,28.3,,66.75,2
83377,02/11/2016,end,0,,18.2,,
83377,03/11/2016,start,,30.4,,58.25,2.333333
83377,03/11/2016,end,0,,18.7,,
83377,04/11/2016,start,,30.4,,46.5,1.666667
83377,04/11/2016,end,0,,18.3,,
83377,05/11/2016,start,,29.7,,46.75,3.333333
83377,05/11/2016,end,0,,19.2,,
83377,06/11/2016,start,,28.7,,67.5,3.676293
83377,06/11/2016,end,0,,18.4,,
83377,07/11/2016,start,,25.8,,79.25,1.333333
83377,07/11/2016,end,6.6,,18,,
83377,08/11/2016,start,,30.9,,65.25,1.666667
83377,08/11/2016,end,4,,16.5,,
83377,09/11/2016,start,,28.4,,82,0
83377,09/11/2016,end,53.2,,17.4,,
83377,10/11/2016,start,,27.9,,84.25,1.333333
83377,10/11/2016,end,0.1,,18.8,,
83377,11/11/2016,start,,29.7,,67.5,1.333333
83377,11/11/2016,end,4.8,,17.7,,
83377,12/11/2016,start,,24.7,,87.5,0.333333
83377,12/11/2016,end,3,,18,,
83377,13/11/2016,start,,22.2,,93.75,3.666667
83377,13/11/2016,end,47.4,,18,,
83377,14/11/2016,start,,22,,92.25,1.333333
83377,14/11/2016,end,7.6,,17.2,,
83377,15/11/2016,start,,28.3,,78.5,2
83377,15/11/2016,end,10.7,,17.3,,
83377,16/11/2016,start,,28.5,,70.75,2.676293
83377,16/11/2016,end,0,,18.6,,
83377,17/11/2016,start,,29.2,,75.5,1
83377,17/11/2016,end,0,,18.5,,
83377,18/11/2016,start,,28.6,,77.25,1.009627
83377,18/11/2016,end,2.3,,19,,
83377,19/11/2016,start,,26.5,,84.25,0.34296
83377,19/11/2016,end,0.7,,19,,
83377,20/11/2016,start,,26.8,,88,0.68592
83377,20/11/2016,end,33.4,,18.2,,
83377,21/11/2016,start,,25.4,,81.5,1
83377,21/11/2016,end,0.6,,18.9,,
83377,22/11/2016,start,,27.5,,87.75,0.34296
83377,22/11/2016,end,0.7,,19,,
83377,23/11/2016,start,,28.6,,68,2.009627
83377,23/11/2016,end,1.3,,18.2,,
83377,24/11/2016,start,,28.3,,90,0.68592
83377,24/11/2016,end,13.8,,18,,
83377,25/11/2016,start,,28.6,,71.25,0.333333
83377,25/11/2016,end,15.2,,18.5,,
83377,26/11/2016,start,,30,,65.25,1
83377,26/11/2016,end,0,,19.6,,
83377,27/11/2016,start,,28.3,,83,2.333333
83377,27/11/2016,end,15.4,,18.5,,
83377,28/11/2016,start,,29.9,,71.5,1.352587
83377,28/11/2016,end,4.4,,18.9,,
83377,29/11/2016,start,,29.6,,80,0.666667
83377,29/11/2016,end,0.5,,19.1,,
83377,30/11/2016,start,,31.2,,72,1.009627
83377,30/11/2016,end,0,,19.4,,
83377,01/12/2016,start,,29.1,,76,1
83377,01/12/2016,end,31.6,,18.6,,
83377,02/12/2016,start,,29.8,,73.25,1
83377,02/12/2016,end,32.4,,16.7,,
83377,03/12/2016,start,,29.6,,75.75,0
83377,03/12/2016,end,1.5,,18.4,,
83377,04/12/2016,start,,27.1,,86.5,0.333333
83377,04/12/2016,end,0,,18.2,,
83377,05/12/2016,start,,27.7,,77.5,4.333333
83377,05/12/2016,end,3.7,,18.2,,
83377,06/12/2016,start,,30.3,,78.75,1.666667
83377,06/12/2016,end,0,,18.7,,
83377,07/12/2016,start,,30.2,,74.75,0
83377,07/12/2016,end,3,,17.9,,
83377,08/12/2016,start,,27.4,,78.5,0.666667
83377,08/12/2016,end,1.7,,19.4,,
83377,09/12/2016,start,,30,,75.5,2
83377,09/12/2016,end,0,,18.7,,
83377,10/12/2016,start,,26.8,,82.25,1.666667
83377,10/12/2016,end,15.3,,19.2,,
83377,11/12/2016,start,,28.5,,86.25,2.676293
83377,11/12/2016,end,0,,17.5,,
83377,12/12/2016,start,,29.2,,74.75,0
83377,12/12/2016,end,12.9,,20.2,,
83377,13/12/2016,start,,26.6,,82.75,1
83377,13/12/2016,end,3.1,,17.9,,
83377,14/12/2016,start,,28.2,,76.5,0.333333
83377,14/12/2016,end,24.8,,18,,
83377,15/12/2016,start,,27.5,,82.5,2
83377,15/12/2016,end,0,,18.6,,
83377,16/12/2016,start,,25.7,,76.5,2
83377,16/12/2016,end,12.6,,17.2,,
83377,17/12/2016,start,,26.8,,68.25,1.333333
83377,17/12/2016,end,0,,17,,
83377,18/12/2016,start,,27.8,,60.75,1.34296
83377,18/12/2016,end,0,,17.8,,
83377,19/12/2016,start,,28.5,,69.25,2.666667
83377,19/12/2016,end,0,,18.8,,
83377,20/12/2016,start,,28.4,,60.75,3.009627
83377,20/12/2016,end,0,,17.1,,
83377,21/12/2016,start,,28.7,,60.75,2
83377,21/12/2016,end,0,,18.8,,
83377,22/12/2016,start,,29.4,,52.75,1
83377,22/12/2016,end,0,,19.4,,
83377,23/12/2016,start,,29.7,,58.75,2
83377,23/12/2016,end,0,,20.4,,
83377,24/12/2016,start,,30.6,,51,2
83377,24/12/2016,end,0,,19,,
83377,25/12/2016,start,,31.6,,51.25,0.666667
83377,25/12/2016,end,0,,18,,
83377,26/12/2016,start,,31.2,,69,0.666667
83377,26/12/2016,end,0,,18.9,,
83377,27/12/2016,start,,30.7,,74.25,1.333333
83377,27/12/2016,end,5.2,,17.8,,
83377,28/12/2016,start,,29.8,,69.5,1.333333
83377,28/12/2016,end,2.3,,17.6,,
83377,29/12/2016,start,,26.9,,73.5,0.666667
83377,29/12/2016,end,6,,18.2,,
83377,30/12/2016,start,,28.4,,61.25,0.666667
83377,30/12/2016,end,0,,17.1,,
83377,31/12/2016,start,,30.2,,49.75,1
83377,31/12/2016,end,0,,16.7,,
83377,01/01/2017,start,,30.4,,49,2
83377,01/01/2017,end,0,,17,,
83377,02/01/2017,start,,30.8,,49.5,0.34296
83377,02/01/2017,end,0,,17.4,,
83377,03/01/2017,start,,31.4,,66,0.333333
83377,03/01/2017,end,0,,20.1,,
83377,04/01/2017,start,,28.4,,73.5,1
83377,04/01/2017,end,10.5,,19.2,,
83377,05/01/2017,start,,30.7,,68.75,1
83377,05/01/2017,end,9.4,,18,,
83377,06/01/2017,start,,32,,53.25,2.333333
83377,06/01/2017,end,0,,19.3,,
83377,07/01/2017,start,,31.2,,55,1.333333
83377,07/01/2017,end,0,,20.4,,
83377,08/01/2017,start,,31.4,,42.75,2.666667
83377,08/01/2017,end,0,,21.3,,
83377,09/01/2017,start,,32.2,,46.25,0
83377,09/01/2017,end,0,,18.2,,
83377,10/01/2017,start,,32,,65.25,2
83377,10/01/2017,end,0,,19.5,,
83377,11/01/2017,start,,30.8,,67,0.833333
83377,11/01/2017,end,0,,17.6,,
83377,12/01/2017,start,,28.3,,85,0
83377,12/01/2017,end,0,,19.5,,
83377,13/01/2017,start,,26.3,,82,0.666667
83377,13/01/2017,end,12.6,,18.9,,
83377,14/01/2017,start,,28.2,,78,2.333333
83377,14/01/2017,end,15.1,,17.9,,
83377,15/01/2017,start,,28.6,,84.25,2
83377,15/01/2017,end,0,,18.2,,
83377,16/01/2017,start,,27.4,,86.5,2.333333
83377,16/01/2017,end,4,,18.4,,
83377,17/01/2017,start,,26.9,,84.25,0
83377,17/01/2017,end,12.4,,17.6,,
83377,18/01/2017,start,,27.5,,86,1.666667
83377,18/01/2017,end,4.2,,18.6,,
83377,19/01/2017,start,,24.5,,89.5,0
83377,19/01/2017,end,2.6,,17.2,,
83377,20/01/2017,start,,29.6,,72.75,1
83377,20/01/2017,end,2.8,,18.5,,
83377,21/01/2017,start,,29,,73.75,2.333333
83377,21/01/2017,end,0.2,,18.3,,
83377,22/01/2017,start,,28.1,,76.75,0.34296
83377,22/01/2017,end,0,,17.6,,
83377,23/01/2017,start,,26.9,,82.75,1.666667
83377,23/01/2017,end,1.7,,17.1,,
83377,24/01/2017,start,,27,,80,1.34296
83377,24/01/2017,end,44.9,,18.7,,
83377,25/01/2017,start,,28.8,,84.75,0
83377,25/01/2017,end,0.9,,18.2,,
83377,26/01/2017,start,,27.8,,83,0.68592
83377,26/01/2017,end,12.1,,17.5,,
83377,27/01/2017,start,,27.1,,74.75,0.34296
83377,27/01/2017,end,13.1,,18,,
83377,28/01/2017,start,,30,,54.75,3.333333
83377,28/01/2017,end,0,,19.7,,
83377,29/01/2017,start,,29.9,,56.75,3
83377,29/01/2017,end,0,,19.5,,
83377,30/01/2017,start,,30.2,,55.5,3.333333
83377,30/01/2017,end,0,,19.3,,
83377,31/01/2017,start,,28.6,,67.5,1.34296
83377,31/01/2017,end,0,,19.9,,
83377,01/02/2017,start,,29,,65.75,3.34296
83377,01/02/2017,end,0,,19,,
83377,02/02/2017,start,,28,,83,1
83377,02/02/2017,end,0,,18.7,,
83377,03/02/2017,start,,28.6,,78.75,0.666667
83377,03/02/2017,end,8.8,,18.6,,
83377,04/02/2017,start,,26,,86.25,0
83377,04/02/2017,end,26.4,,18.5,,
83377,05/02/2017,start,,26.8,,83.5,1
83377,05/02/2017,end,4.2,,19.3,,
83377,06/02/2017,start,,30.1,,81.75,1
83377,06/02/2017,end,9.7,,16.6,,
83377,07/02/2017,start,,30.6,,78.75,0
83377,07/02/2017,end,47,,18.3,,
83377,08/02/2017,start,,28.2,,83.25,0
83377,08/02/2017,end,38.2,,17,,
83377,09/02/2017,start,,29.2,,83.5,0.666667
83377,09/02/2017,end,8.2,,18.7,,
83377,10/02/2017,start,,26.2,,87.25,3.009627
83377,10/02/2017,end,6.4,,19.5,,
83377,11/02/2017,start,,25,,94,3.333333
83377,11/02/2017,end,8.9,,19.4,,
83377,12/02/2017,start,,24.6,,90,3
83377,12/02/2017,end,9.4,,19.1,,
83377,13/02/2017,start,,25.8,,83.75,2.666667
83377,13/02/2017,end,1.9,,18.6,,
83377,14/02/2017,start,,27.1,,62,3.333333
83377,14/02/2017,end,3,,17.9,,
83377,15/02/2017,start,,28.5,,57.25,3.333333
83377,15/02/2017,end,0,,17.9,,
83377,16/02/2017,start,,26.3,,74,2.666667
83377,16/02/2017,end,0.8,,18,,
83377,17/02/2017,start,,28.8,,69.75,0
83377,17/02/2017,end,0,,18,,
83377,18/02/2017,start,,30.2,,61.5,1
83377,18/02/2017,end,0,,18,,
83377,19/02/2017,start,,29.6,,61,1.666667
83377,19/02/2017,end,0,,18.3,,
83377,20/02/2017,start,,30.1,,61.25,3.666667
83377,20/02/2017,end,0,,19.5,,
83377,21/02/2017,start,,27.8,,71,3.333333
83377,21/02/2017,end,2.6,,18,,
83377,22/02/2017,start,,29,,64.5,1.666667
83377,22/02/2017,end,0.3,,19,,
83377,23/02/2017,start,,29.6,,68.75,1
83377,23/02/2017,end,0,,19.1,,
83377,24/02/2017,start,,29.4,,76.75,1.666667
83377,24/02/2017,end,0,,17.3,,
83377,25/02/2017,start,,28.8,,85.75,1
83377,25/02/2017,end,2.1,,18,,
83377,26/02/2017,start,,24.4,,94,0
83377,26/02/2017,end,56.4,,17.7,,
83377,27/02/2017,start,,26.2,,81.25,0.34296
83377,27/02/2017,end,23.6,,18.2,,
83377,28/02/2017,start,,27.3,,83.5,2.666667
83377,28/02/2017,end,0.9,,18.2,,
83377,01/03/2017,start,,26.5,,76.25,0.34296
83377,01/03/2017,end,0.8,,17.6,,
83377,02/03/2017,start,,28.1,,76,0.34296
83377,02/03/2017,end,9.8,,18.2,,
83377,03/03/2017,start,,30,,76.75,0
83377,03/03/2017,end,7.4,,18.4,,
83377,04/03/2017,start,,30.5,,66.5,0.34296
83377,04/03/2017,end,3.6,,17.5,,
83377,05/03/2017,start,,27.5,,79.75,1
83377,05/03/2017,end,0,,18,,
83377,06/03/2017,start,,31,,62.75,1
83377,06/03/2017,end,0,,18,,
83377,07/03/2017,start,,31.8,,47.5,0
83377,07/03/2017,end,0,,19.1,,
83377,08/03/2017,start,,31.4,,50,3
83377,08/03/2017,end,0,,17.4,,
83377,09/03/2017,start,,30.9,,53.5,3
83377,09/03/2017,end,0,,,,
83377,10/03/2017,start,,30.8,,68.75,1
83377,10/03/2017,end,0,,20.9,,
83377,11/03/2017,start,,30,,58.5,1
83377,11/03/2017,end,0,,20.1,,
83377,12/03/2017,start,,30.4,,52.75,0
83377,12/03/2017,end,0,,20.2,,
83377,13/03/2017,start,,29.6,,54.5,1.34296
83377,13/03/2017,end,0,,16.4,,
83377,14/03/2017,start,,29.8,,80.5,1.666667
83377,14/03/2017,end,0,,17.7,,
83377,15/03/2017,start,,27.8,,72.75,2.333333
83377,15/03/2017,end,21.5,,17.2,,
83377,16/03/2017,start,,29.2,,73.75,2.009627
83377,16/03/2017,end,0,,18,,
83377,17/03/2017,start,,29.7,,60.25,2.666667
83377,17/03/2017,end,0,,17.1,,
83377,18/03/2017,start,,28.8,,79.5,0.666667
83377,18/03/2017,end,1.6,,18.5,,
83377,19/03/2017,start,,25.6,,93.25,0.666667
83377,19/03/2017,end,8.4,,17.7,,
83377,20/03/2017,start,,27,,85,1
83377,20/03/2017,end,1.8,,17.8,,
83377,21/03/2017,start,,27.9,,85.5,1.666667
83377,21/03/2017,end,18.3,,18.3,,
83377,22/03/2017,start,,28.8,,73.75,1
83377,22/03/2017,end,0,,17.7,,
83377,23/03/2017,start,,28.4,,73.5,1.666667
83377,23/03/2017,end,0,,20,,
83377,24/03/2017,start,,29.9,,67,2.666667
83377,24/03/2017,end,9.4,,19.5,,
83377,25/03/2017,start,,29.9,,68.75,1.352587
83377,25/03/2017,end,0,,18.4,,
83377,26/03/2017,start,,30.6,,71,0
83377,26/03/2017,end,0,,18.4,,
83377,27/03/2017,start,,29.9,,76.25,0
83377,27/03/2017,end,16.6,,18,,
83377,28/03/2017,start,,29.3,,78.5,1.333333
83377,28/03/2017,end,8.1,,18.5,,
83377,29/03/2017,start,,26.5,,88.75,1.352587
83377,29/03/2017,end,21.1,,18,,
83377,30/03/2017,start,,25.1,,91.25,0.666667
83377,30/03/2017,end,41.2,,18,,
83377,31/03/2017,start,,29.4,,74.75,0.68592
83377,31/03/2017,end,7.6,,17.2,,
83377,01/04/2017,start,,27.6,,65.5,0
83377,01/04/2017,end,18.2,,19.1,,
83377,02/04/2017,start,,25.4,,76,3.666667
83377,02/04/2017,end,1,,18.8,,
83377,03/04/2017,start,,27.1,,72.75,1
83377,03/04/2017,end,0,,18.6,,
83377,04/04/2017,start,,27.3,,79,2
83377,04/04/2017,end,0,,19.4,,
83377,05/04/2017,start,,28.7,,74.25,2
83377,05/04/2017,end,4.2,,19.7,,
83377,06/04/2017,start,,29.5,,75.5,1
83377,06/04/2017,end,0,,19,,
83377,07/04/2017,start,,29.7,,64.75,2
83377,07/04/2017,end,0,,18.2,,
83377,08/04/2017,start,,29.2,,57.75,0.34296
83377,08/04/2017,end,0,,17.2,,
83377,09/04/2017,start,,28.9,,51.25,2.666667
83377,09/04/2017,end,0,,19.2,,
83377,10/04/2017,start,,29.3,,57,2.009627
83377,10/04/2017,end,0,,16.2,,
83377,11/04/2017,start,,29.6,,61.75,0.666667
83377,11/04/2017,end,0,,16.4,,
83377,12/04/2017,start,,30.6,,56,1.333333
83377,12/04/2017,end,0,,17.6,,
83377,13/04/2017,start,,29.8,,58.75,3.333333
83377,13/04/2017,end,0,,19.4,,
83377,14/04/2017,start,,28.8,,66,3
83377,14/04/2017,end,0,,19.6,,
83377,15/04/2017,start,,27.5,,63,1
83377,15/04/2017,end,0,,19.3,,
83377,16/04/2017,start,,28.4,,58.25,1.333333
83377,16/04/2017,end,0,,18.8,,
83377,17/04/2017,start,,29.6,,60,1
83377,17/04/2017,end,0,,17.3,,
83377,18/04/2017,start,,29.8,,60.5,0.34296
83377,18/04/2017,end,0,,19,,
83377,19/04/2017,start,,28.9,,58.25,2.666667
83377,19/04/2017,end,0,,19.8,,
83377,20/04/2017,start,,28.5,,63,2.333333
83377,20/04/2017,end,0,,18.8,,
83377,21/04/2017,start,,25,,80.25,1.34296
83377,21/04/2017,end,0,,18.9,,
83377,22/04/2017,start,,29.1,,67,2.666667
83377,22/04/2017,end,0.8,,18,,
83377,23/04/2017,start,,28,,73.75,0.34296
83377,23/04/2017,end,0,,17.3,,
83377,24/04/2017,start,,28.8,,79.75,1.333333
83377,24/04/2017,end,0,,19,,
83377,25/04/2017,start,,27.8,,74,2.666667
83377,25/04/2017,end,0,,19.6,,
83377,26/04/2017,start,,28.3,,76.75,1
83377,26/04/2017,end,0.2,,19,,
83377,27/04/2017,start,,28.7,,76.5,0.666667
83377,27/04/2017,end,2.3,,19,,
83377,28/04/2017,start,,28,,74.25,0
83377,28/04/2017,end,0,,19.1,,
83377,29/04/2017,start,,29.1,,67,1.666667
83377,29/04/2017,end,0,,19.6,,
83377,30/04/2017,start,,27.8,,64.25,3
83377,30/04/2017,end,0,,19.2,,
83377,01/05/2017,start,,24.6,,72,2.666667
83377,01/05/2017,end,0,,17.6,,
83377,02/05/2017,start,,21.2,,67.75,3.666667
83377,02/05/2017,end,0,,16.4,,
83377,03/05/2017,start,,25.2,,70.25,4.333333
83377,03/05/2017,end,0,,16.2,,
83377,04/05/2017,start,,21.7,,56.25,2.666667
83377,04/05/2017,end,0,,16.5,,
83377,05/05/2017,start,,27.8,,59.5,1
83377,05/05/2017,end,0,,16.5,,
83377,06/05/2017,start,,29,,61.5,0.666667
83377,06/05/2017,end,0,,15,,
83377,07/05/2017,start,,28.9,,69.75,2.009627
83377,07/05/2017,end,1,,16.6,,
83377,08/05/2017,start,,27.5,,66.25,1.34296
83377,08/05/2017,end,0.9,,18.6,,
83377,09/05/2017,start,,28.8,,46.25,1.666667
83377,09/05/2017,end,0,,17.5,,
83377,10/05/2017,start,,29,,46.5,1
83377,10/05/2017,end,0,,13.9,,
83377,11/05/2017,start,,29.1,,44,2.34296
83377,11/05/2017,end,0,,13.6,,
83377,12/05/2017,start,,27.7,,52,3.333333
83377,12/05/2017,end,0,,17.1,,
83377,13/05/2017,start,,29.9,,53,2.333333
83377,13/05/2017,end,0,,15.1,,
83377,14/05/2017,start,,29.5,,57.5,2.009627
83377,14/05/2017,end,0,,15.4,,
83377,15/05/2017,start,,28,,73.75,0.34296
83377,15/05/2017,end,0,,17.1,,
83377,16/05/2017,start,,28,,81.75,0
83377,16/05/2017,end,1.7,,19.2,,
83377,17/05/2017,start,,29.4,,82.5,2.009627
83377,17/05/2017,end,1,,18.3,,
83377,18/05/2017,start,,26.5,,80,2.333333
83377,18/05/2017,end,33.8,,18.6,,
83377,19/05/2017,start,,27.8,,75.5,1
83377,19/05/2017,end,0,,17.9,,
83377,20/05/2017,start,,24.6,,94.75,0.666667
83377,20/05/2017,end,3.7,,18,,
83377,21/05/2017,start,,26,,81.75,2.009627
83377,21/05/2017,end,21.2,,16.9,,
83377,22/05/2017,start,,28.1,,70,2.666667
83377,22/05/2017,end,1,,18,,
83377,23/05/2017,start,,29,,67.25,1.666667
83377,23/05/2017,end,0,,17.7,,
83377,24/05/2017,start,,28,,71.25,3.333333
83377,24/05/2017,end,0,,18,,
83377,25/05/2017,start,,27.2,,65.25,2
83377,25/05/2017,end,0,,17.3,,
83377,26/05/2017,start,,27.4,,63.75,1
83377,26/05/2017,end,0,,16,,
83377,27/05/2017,start,,26.2,,61.75,2
83377,27/05/2017,end,0,,15.8,,
83377,28/05/2017,start,,26.6,,57.75,2.333333
83377,28/05/2017,end,0,,14.6,,
83377,29/05/2017,start,,27.3,,61,1.333333
83377,29/05/2017,end,0,,15.6,,
83377,30/05/2017,start,,28,,55.25,1
83377,30/05/2017,end,0,,16.5,,
83377,31/05/2017,start,,28.6,,59.75,1.666667
83377,31/05/2017,end,0,,16,,
83377,01/06/2017,start,,28.5,,71.25,1
83377,01/06/2017,end,0,,17,,
83377,02/06/2017,start,,27.9,,73,0
83377,02/06/2017,end,0,,17.2,,
83377,03/06/2017,start,,28.8,,61.75,1.666667
83377,03/06/2017,end,0,,17.3,,
83377,04/06/2017,start,,28.2,,59.5,2.333333
83377,04/06/2017,end,0,,18.6,,
83377,05/06/2017,start,,27.7,,55.75,2.34296
83377,05/06/2017,end,0,,17.8,,
83377,06/06/2017,start,,28.5,,56.25,1.333333
83377,06/06/2017,end,0,,15.6,,
83377,07/06/2017,start,,27.8,,54,1.333333
83377,07/06/2017,end,0,,15.9,,
83377,08/06/2017,start,,28.7,,59.25,2
83377,08/06/2017,end,0,,15.9,,
83377,09/06/2017,start,,29.2,,55,0.68592
83377,09/06/2017,end,0,,14.9,,
83377,10/06/2017,start,,24.6,,67.5,0
83377,10/06/2017,end,0,,14,,
83377,11/06/2017,start,,28.2,,60.75,0.34296
83377,11/06/2017,end,0,,14.3,,
83377,12/06/2017,start,,28.4,,62.5,1.666667
83377,12/06/2017,end,0,,16.1,,
83377,13/06/2017,start,,28.1,,52.25,3.666667
83377,13/06/2017,end,0,,16.3,,
83377,14/06/2017,start,,28,,57.5,2.333333
83377,14/06/2017,end,0,,15.3,,
83377,15/06/2017,start,,,,60,2
83377,15/06/2017,end,0,,15.8,,
83377,16/06/2017,start,,25.4,,53.5,2
83377,16/06/2017,end,0,,14.9,,
83377,17/06/2017,start,,24.7,,52,3.34296
83377,17/06/2017,end,0,,12.9,,
83377,18/06/2017,start,,25.2,,60.25,1.666667
83377,18/06/2017,end,0,,14,,
83377,19/06/2017,start,,25.2,,53,1
83377,19/06/2017,end,0,,12.1,,
83377,20/06/2017,start,,26,,50.75,1.352587
83377,20/06/2017,end,0,,13.5,,
83377,21/06/2017,start,,25.2,,52,3.333333
83377,21/06/2017,end,0,,14.2,,
83377,22/06/2017,start,,22.7,,59,5.333333
83377,22/06/2017,end,0,,13.8,,
83377,23/06/2017,start,,23.3,,66.25,4.333333
83377,23/06/2017,end,0,,14,,
83377,24/06/2017,start,,23.2,,58.25,3.676293
83377,24/06/2017,end,0,,14.1,,
83377,25/06/2017,start,,23.5,,57.5,4
83377,25/06/2017,end,0,,13,,
83377,26/06/2017,start,,22.2,,64.25,4
83377,26/06/2017,end,0,,12.8,,
83377,27/06/2017,start,,23.8,,52.75,2.333333
83377,27/06/2017,end,0,,14.5,,
83377,28/06/2017,start,,23.8,,54.25,4.333333
83377,28/06/2017,end,0,,16.8,,
83377,29/06/2017,start,,23.5,,57.75,5.009627
83377,29/06/2017,end,0,,14.1,,
83377,30/06/2017,start,,24.8,,50,1
83377,30/06/2017,end,0,,13,,
83377,01/07/2017,start,,24.7,,40.75,0.34296
83377,01/07/2017,end,0,,16.6,,
83377,02/07/2017,start,,23.5,,41.25,1.666667
83377,02/07/2017,end,0,,11.3,,
83377,03/07/2017,start,,22.2,,60,4
83377,03/07/2017,end,0,,12.5,,
83377,04/07/2017,start,,20.1,,57.25,3.666667
83377,04/07/2017,end,0,,10.8,,
83377,05/07/2017,start,,20.4,,56.25,2.333333
83377,05/07/2017,end,0,,10.4,,
83377,06/07/2017,start,,21.2,,58.75,3.333333
83377,06/07/2017,end,0,,11.2,,
83377,07/07/2017,start,,22.8,,57,2.676293
83377,07/07/2017,end,0,,12.8,,
83377,08/07/2017,start,,22.8,,57.25,3.666667
83377,08/07/2017,end,0,,12.5,,
83377,09/07/2017,start,,22.3,,53.25,4.333333
83377,09/07/2017,end,0,,12.6,,
83377,10/07/2017,start,,21.8,,71,2.333333
83377,10/07/2017,end,0,,12.3,,
83377,11/07/2017,start,,23.8,,59.75,3
83377,11/07/2017,end,0,,13.8,,
83377,12/07/2017,start,,24.8,,49.25,3
83377,12/07/2017,end,0,,14.2,,
83377,13/07/2017,start,,24.2,,44.5,4.333333
83377,13/07/2017,end,0,,14.2,,
83377,14/07/2017,start,,23.4,,45.75,5
83377,14/07/2017,end,0,,13.8,,
83377,15/07/2017,start,,23.6,,55.75,3
83377,15/07/2017,end,0,,13.5,,
83377,16/07/2017,start,,23.4,,45.5,1.666667
83377,16/07/2017,end,0,,12.7,,
83377,17/07/2017,start,,24,,45.5,3
83377,17/07/2017,end,0,,12.1,,
83377,18/07/2017,start,,24.8,,47,2.34296
83377,18/07/2017,end,0,,11,,
83377,19/07/2017,start,,25,,43.5,2.666667
83377,19/07/2017,end,0,,10.5,,
83377,20/07/2017,start,,25.8,,39.75,1
83377,20/07/2017,end,0,,13.8,,
83377,21/07/2017,start,,26.3,,44.5,0.666667
83377,21/07/2017,end,0,,12.7,,
83377,22/07/2017,start,,26.6,,34,2.333333
83377,22/07/2017,end,0,,14.1,,
83377,23/07/2017,start,,24.8,,31.25,3.666667
83377,23/07/2017,end,0,,15.3,,
83377,24/07/2017,start,,23,,49.75,2.34296
83377,24/07/2017,end,0,,13,,
83377,25/07/2017,start,,24.2,,50,2
83377,25/07/2017,end,0,,13.6,,
83377,26/07/2017,start,,22.4,,44.5,4.666667
83377,26/07/2017,end,0,,13,,
83377,27/07/2017,start,,21.9,,47.75,5.333333
83377,27/07/2017,end,0,,12.2,,
83377,28/07/2017,start,,23.5,,54,5
83377,28/07/2017,end,0,,12.5,,
83377,29/07/2017,start,,24.2,,46.25,4.333333
83377,29/07/2017,end,0,,13,,
83377,30/07/2017,start,,21.4,,53.75,4.333333
83377,30/07/2017,end,0,,12.9,,
83377,31/07/2017,start,,22,,49.25,3
83377,31/07/2017,end,0,,11,,
83377,01/08/2017,start,,24.6,,43.5,2.666667
83377,01/08/2017,end,0,,13.3,,
83377,02/08/2017,start,,26.4,,42.25,1.34296
83377,02/08/2017,end,0,,10,,
83377,03/08/2017,start,,28.8,,36.75,0.34296
83377,03/08/2017,end,0,,11.8,,
83377,04/08/2017,start,,28,,47,0.666667
83377,04/08/2017,end,0,,14.8,,
83377,05/08/2017,start,,28,,40,3.666667
83377,05/08/2017,end,0,,13.3,,
83377,06/08/2017,start,,27,,43.75,2
83377,06/08/2017,end,0,,13.6,,
83377,07/08/2017,start,,26.8,,48.5,3
83377,07/08/2017,end,0,,15.7,,
83377,08/08/2017,start,,28.6,,49,1.676293
83377,08/08/2017,end,0,,15.6,,
83377,09/08/2017,start,,29.7,,40.25,0
83377,09/08/2017,end,0,,15.1,,
83377,10/08/2017,start,,29.8,,30.5,2
83377,10/08/2017,end,0,,14.4,,
83377,11/08/2017,start,,29.7,,29.5,3.009627
83377,11/08/2017,end,0,,14.4,,
83377,12/08/2017,start,,28.8,,30.75,5.333333
83377,12/08/2017,end,0,,15.4,,
83377,13/08/2017,start,,29.5,,38.5,1
83377,13/08/2017,end,0,,16.4,,
83377,14/08/2017,start,,30.7,,29,1.666667
83377,14/08/2017,end,0,,14.2,,
83377,15/08/2017,start,,30,,26.5,3
83377,15/08/2017,end,0,,16,,
83377,16/08/2017,start,,29.3,,36.75,3.333333
83377,16/08/2017,end,0,,16,,
83377,17/08/2017,start,,29.9,,30.5,0.666667
83377,17/08/2017,end,0,,14.3,,
83377,18/08/2017,start,,30.1,,29.5,1.666667
83377,18/08/2017,end,0,,15.2,,
83377,19/08/2017,start,,30.5,,27.5,2.666667
83377,19/08/2017,end,0,,17.8,,
83377,20/08/2017,start,,32.1,,34,3
83377,20/08/2017,end,0,,19,,
83377,21/08/2017,start,,30,,40,1.666667
83377,21/08/2017,end,0,,16.6,,
83377,22/08/2017,start,,27,,46,6
83377,22/08/2017,end,0,,17.8,,
83377,23/08/2017,start,,26.2,,52.75,6.333333
83377,23/08/2017,end,0,,14.7,,
83377,24/08/2017,start,,26,,52.75,4.666667
83377,24/08/2017,end,0,,14.3,,
83377,25/08/2017,start,,26.6,,47.75,3.666667
83377,25/08/2017,end,0,,14.9,,
83377,26/08/2017,start,,28,,40.25,0.666667
83377,26/08/2017,end,0,,13.6,,
83377,27/08/2017,start,,29.8,,29.25,1
83377,27/08/2017,end,0,,15.1,,
83377,28/08/2017,start,,30.8,,26,1.333333
83377,28/08/2017,end,0,,13.8,,
83377,29/08/2017,start,,30.3,,25.25,1.68592
83377,29/08/2017,end,0,,15,,
83377,30/08/2017,start,,31.4,,28,2.009627
83377,30/08/2017,end,0,,16,,
83377,31/08/2017,start,,31.2,,23.75,2
83377,31/08/2017,end,0,,15,,
83377,01/09/2017,start,,28.8,,31,4.666667
83377,01/09/2017,end,0,,19.2,,
83377,02/09/2017,start,,27.4,,41.25,5
83377,02/09/2017,end,0,,16.3,,
83377,03/09/2017,start,,26.3,,40.75,4.381467
83377,03/09/2017,end,0,,15.2,,
83377,04/09/2017,start,,25.6,,35,4.333333
83377,04/09/2017,end,0,,14,,
83377,05/09/2017,start,,26.4,,37.5,2.352587
83377,05/09/2017,end,0,,15.3,,
83377,06/09/2017,start,,28.5,,31.75,2.333333
83377,06/09/2017,end,0,,16.5,,
83377,07/09/2017,start,,29.8,,34,1.666667
83377,07/09/2017,end,0,,16.4,,
83377,08/09/2017,start,,29.8,,28.75,3.666667
83377,08/09/2017,end,0,,16.8,,
83377,09/09/2017,start,,28.6,,30,4.333333
83377,09/09/2017,end,0,,16.8,,
83377,10/09/2017,start,,29.3,,35.25,3.666667
83377,10/09/2017,end,0,,17.9,,
83377,11/09/2017,start,,29.8,,36.25,2
83377,11/09/2017,end,0,,17.5,,
83377,12/09/2017,start,,28.4,,32,5.666667
83377,12/09/2017,end,0,,17.4,,
83377,13/09/2017,start,,27.8,,40.75,4.333333
83377,13/09/2017,end,0,,17.1,,
83377,14/09/2017,start,,28.6,,37.25,5
83377,14/09/2017,end,0,,17.9,,
83377,15/09/2017,start,,28.4,,35.75,5.666667
83377,15/09/2017,end,0,,18.9,,
83377,16/09/2017,start,,28,,29.5,5.333333
83377,16/09/2017,end,0,,17.1,,
83377,17/09/2017,start,,27.6,,36,5
83377,17/09/2017,end,0,,16.4,,
83377,18/09/2017,start,,29.1,,35,3.009627
83377,18/09/2017,end,0,,17.2,,
83377,19/09/2017,start,,28.9,,35.25,2.333333
83377,19/09/2017,end,0,,17.4,,
83377,20/09/2017,start,,29.3,,34.5,4.666667
83377,20/09/2017,end,0,,17.5,,
83377,21/09/2017,start,,27,,41.75,5
83377,21/09/2017,end,0,,17.1,,
83377,22/09/2017,start,,22.8,,52.75,2.333333
83377,22/09/2017,end,0,,18.2,,
83377,23/09/2017,start,,28.9,,37.25,2.676293
83377,23/09/2017,end,0,,17.2,,
83377,24/09/2017,start,,29.4,,36,3.333333
83377,24/09/2017,end,0,,17.7,,
83377,25/09/2017,start,,29.2,,35.25,5.666667
83377,25/09/2017,end,0,,17.5,,
83377,26/09/2017,start,,29.6,,35.25,1.666667
83377,26/09/2017,end,0,,16.9,,
83377,27/09/2017,start,,24.2,,74,1.333333
83377,27/09/2017,end,0,,15.2,,
83377,28/09/2017,start,,23.7,,67.75,1
83377,28/09/2017,end,9.2,,15.1,,
83377,29/09/2017,start,,30.4,,41.5,1
83377,29/09/2017,end,0,,17.3,,
83377,30/09/2017,start,,26.5,,64,3.333333
83377,30/09/2017,end,0,,16.9,,
83377,01/10/2017,start,,29.6,,50.75,0.8574
83377,01/10/2017,end,0,,15.6,,
83377,02/10/2017,start,,27.2,,74.5,1.02888
83377,02/10/2017,end,0,,18.9,,
83377,03/10/2017,start,,20.8,,86.75,2.40072
83377,03/10/2017,end,10.3,,13.5,,
83377,04/10/2017,start,,28,,58.25,1.7148
83377,04/10/2017,end,0.2,,14.2,,
83377,05/10/2017,start,,30.4,,44.25,3.4296
83377,05/10/2017,end,0,,14,,
83377,06/10/2017,start,,31,,35.75,3.4296
83377,06/10/2017,end,0,,19.1,,
83377,07/10/2017,start,,30.9,,40.25,2.40072
83377,07/10/2017,end,0,,21,,
83377,08/10/2017,start,,32.3,,24.25,3.77256
83377,08/10/2017,end,0,,19.1,,
83377,09/10/2017,start,,32.3,,30,1.7148
83377,09/10/2017,end,0,,21.3,,
83377,10/10/2017,start,,32.2,,28.5,3.08664
83377,10/10/2017,end,0,,20.6,,
83377,11/10/2017,start,,32.2,,23,3.4296
83377,11/10/2017,end,0,,17.4,,
83377,12/10/2017,start,,32,,20.25,2.5722
83377,12/10/2017,end,0,,16.8,,
83377,13/10/2017,start,,34.1,,22.25,3.77256
83377,13/10/2017,end,0,,17.8,,
83377,14/10/2017,start,,34.8,,26.5,2.74368
83377,14/10/2017,end,0,,17.4,,
83377,15/10/2017,start,,35.6,,26.75,3.08664
83377,15/10/2017,end,0,,19.9,,
83377,16/10/2017,start,,33.4,,31,7.20216
83377,16/10/2017,end,0,,22.3,,
83377,17/10/2017,start,,31.4,,35.25,3.94404
83377,17/10/2017,end,0,,20.9,,
83377,18/10/2017,start,,30.5,,29.75,5.1444
83377,18/10/2017,end,0,,19.9,,
83377,19/10/2017,start,,31.9,,29,2.74368
83377,19/10/2017,end,0,,20.6,,
83377,20/10/2017,start,,31.9,,37.25,1.7148
83377,20/10/2017,end,0,,18.2,,
83377,21/10/2017,start,,32.8,,28,4.11552
83377,21/10/2017,end,0,,20.6,,
83377,22/10/2017,start,,32.8,,30.5,3.4296
83377,22/10/2017,end,0,,20.9,,
83377,23/10/2017,start,,32.3,,44.5,3.08664
83377,23/10/2017,end,0,,19.3,,
83377,24/10/2017,start,,32.2,,37.25,7.37364
83377,24/10/2017,end,0,,20.2,,
83377,25/10/2017,start,,33,,26,3.08664
83377,25/10/2017,end,0,,20.7,,
83377,26/10/2017,start,,33.2,,39.25,1.7148
83377,26/10/2017,end,0,,20.3,,
83377,27/10/2017,start,,30.2,,65.5,0.8574
83377,27/10/2017,end,3.4,,22.2,,
83377,28/10/2017,start,,28.4,,71.5,0
83377,28/10/2017,end,8.6,,18.9,,
83377,29/10/2017,start,,28,,59.75,1.02888
83377,29/10/2017,end,1.1,,18.7,,
83377,30/10/2017,start,,29.3,,70,1.02888
83377,30/10/2017,end,1.8,,17.7,,
83377,31/10/2017,start,,26.9,,79.25,4.45848
83377,31/10/2017,end,7.8,,19.4,,
83377,01/11/2017,start,,25.6,,80.25,1.37184
83377,01/11/2017,end,0,,16.4,,
83377,02/11/2017,start,,26,,84.5,1.02888
83377,02/11/2017,end,6.8,,19,,
83377,03/11/2017,start,,28.2,,75.5,2.74368
83377,03/11/2017,end,10.8,,19,,
83377,04/11/2017,start,,29.8,,62.25,2.05776
83377,04/11/2017,end,4.8,,19.7,,
83377,05/11/2017,start,,23.9,,85.25,1.02888
83377,05/11/2017,end,0,,19.1,,
83377,06/11/2017,start,,28.8,,59.75,1.02888
83377,06/11/2017,end,2.4,,17.7,,
83377,07/11/2017,start,,27.4,,83,0.68592
83377,07/11/2017,end,4.6,,18.7,,
83377,08/11/2017,start,,21.8,,87.25,3.77256
83377,08/11/2017,end,39,,17.9,,
83377,09/11/2017,start,,24,,93.25,2.05776
83377,09/11/2017,end,9,,18.3,,
83377,10/11/2017,start,,23,,91,1.54332
83377,10/11/2017,end,9.1,,18.7,,
83377,11/11/2017,start,,25.4,,92.25,1.7148
83377,11/11/2017,end,57.3,,16.5,,
83377,12/11/2017,start,,27,,82,1.7148
83377,12/11/2017,end,4.8,,17,,
83377,13/11/2017,start,,29.6,,56.75,1.37184
83377,13/11/2017,end,18.4,,17.6,,
83377,14/11/2017,start,,30.3,,38.25,1.7148
83377,14/11/2017,end,0,,16.1,,
83377,15/11/2017,start,,27.4,,61.75,2.40072
83377,15/11/2017,end,0,,17.1,,
83377,16/11/2017,start,,28.7,,55.5,2.40072
83377,16/11/2017,end,0.7,,18,,
83377,17/11/2017,start,,26,,85,1.02888
83377,17/11/2017,end,1,,17.7,,
83377,18/11/2017,start,,26.2,,81,2.74368
83377,18/11/2017,end,21.3,,17.6,,
83377,19/11/2017,start,,26.6,,78,1.54332
83377,19/11/2017,end,0,,17.8,,
83377,20/11/2017,start,,29,,66.25,2.05776
83377,20/11/2017,end,0.1,,19,,
83377,21/11/2017,start,,26.1,,80.5,1.37184
83377,21/11/2017,end,5.3,,19,,
83377,22/11/2017,start,,26.9,,65.5,1.37184
83377,22/11/2017,end,0,,18.7,,
83377,23/11/2017,start,,28.5,,71,2.40072
83377,23/11/2017,end,0,,20.1,,
83377,24/11/2017,start,,24.8,,78.25,2.74368
83377,24/11/2017,end,0.1,,19.7,,
83377,25/11/2017,start,,28,,74.5,1.37184
83377,25/11/2017,end,0,,19.5,,
83377,26/11/2017,start,,26.4,,84,0.34296
83377,26/11/2017,end,37.4,,18.1,,
83377,27/11/2017,start,,26.8,,71.75,0.68592
83377,27/11/2017,end,18.7,,17.3,,
83377,28/11/2017,start,,28.4,,76.5,2.05776
83377,28/11/2017,end,0.6,,19.4,,
83377,29/11/2017,start,,27.4,,81,3.08664
83377,29/11/2017,end,3.7,,19.2,,
83377,30/11/2017,start,,22,,88.25,0.34296
83377,30/11/2017,end,65.5,,17.1,,
83377,01/12/2017,start,,23.4,,84.5,3.08664
83377,01/12/2017,end,4,,17.8,,
83377,02/12/2017,start,,23.2,,88.25,3.4296
83377,02/12/2017,end,5.2,,18.5,,
83377,03/12/2017,start,,25.8,,79,2.40072
83377,03/12/2017,end,0,,18.2,,
83377,04/12/2017,start,,29.7,,62.25,3.4296
83377,04/12/2017,end,2.9,,18.9,,
83377,05/12/2017,start,,26.4,,87,1.02888
83377,05/12/2017,end,0,,19.5,,
83377,06/12/2017,start,,26.2,,80.75,0
83377,06/12/2017,end,3.6,,19.2,,
83377,07/12/2017,start,,27.3,,77.5,3.4296
83377,07/12/2017,end,7.6,,19.1,,
83377,08/12/2017,start,,26.7,,79.5,3.77256
83377,08/12/2017,end,15.3,,18.8,,
83377,09/12/2017,start,,26.8,,79.75,0.68592
83377,09/12/2017,end,0,,19.3,,
83377,10/12/2017,start,,23.3,,95,0
83377,10/12/2017,end,0,,19.4,,
83377,11/12/2017,start,,23.1,,90.5,3.77256
83377,11/12/2017,end,26,,18.2,,
83377,12/12/2017,start,,24.9,,89.25,1.37184
83377,12/12/2017,end,30.7,,17.2,,
83377,13/12/2017,start,,24.7,,86.25,2.05776
83377,13/12/2017,end,8.5,,18.2,,
83377,14/12/2017,start,,23.2,,93.25,2.05776
83377,14/12/2017,end,34.7,,18.2,,
83377,15/12/2017,start,,23.4,,92.5,1.88628
83377,15/12/2017,end,55.9,,17.4,,
83377,16/12/2017,start,,21,,92,0.34296
83377,16/12/2017,end,1.1,,17.3,,
83377,17/12/2017,start,,25.2,,79.25,2.40072
83377,17/12/2017,end,3.3,,16.2,,
83377,18/12/2017,start,,26.5,,77,2.05776
83377,18/12/2017,end,1.1,,18.9,,
83377,19/12/2017,start,,28.5,,64.75,3.08664
83377,19/12/2017,end,0.1,,17.2,,
83377,20/12/2017,start,,28.6,,51.25,1.37184
83377,20/12/2017,end,0,,20.2,,
83377,21/12/2017,start,,29,,57.25,1.02888
83377,21/12/2017,end,0,,19.3,,
83377,22/12/2017,start,,27.6,,78.5,1.02888
83377,22/12/2017,end,0,,19.7,,
83377,23/12/2017,start,,28.6,,73.75,0
83377,23/12/2017,end,17.7,,17.1,,
83377,24/12/2017,start,,29.4,,83,4.287
83377,24/12/2017,end,9.1,,17.7,,
83377,25/12/2017,start,,28.1,,76,0.34296
83377,25/12/2017,end,2.3,,18.5,,
83377,26/12/2017,start,,30.1,,68,1.7148
83377,26/12/2017,end,25.7,,17.3,,
83377,27/12/2017,start,,29.5,,59,2.05776
83377,27/12/2017,end,0,,20.8,,
83377,28/12/2017,start,,30.8,,52,0.68592
83377,28/12/2017,end,0,,17.7,,
83377,29/12/2017,start,,29.4,,71.5,0
83377,29/12/2017,end,0,,19.8,,
83377,30/12/2017,start,,24.2,,85.25,0.68592
83377,30/12/2017,end,1.5,,20,,
83377,31/12/2017,start,,28.4,,71,1.02888
83377,31/12/2017,end,11.4,,,,
83377,01/01/2018,start,,26.6,,89,0
83377,01/01/2018,end,0.3,,20.3,,
83377,02/01/2018,start,,27,,85.25,0
83377,02/01/2018,end,16.4,,18.2,,
83377,03/01/2018,start,,28.6,,78.5,2.40072
83377,03/01/2018,end,3.9,,17.8,,
83377,04/01/2018,start,,27.2,,72.25,2.40072
83377,04/01/2018,end,0.7,,18.8,,
83377,05/01/2018,start,,24,,90.75,0.34296
83377,05/01/2018,end,0.6,,19.8,,
83377,06/01/2018,start,,23.3,,86.75,1.02888
83377,06/01/2018,end,10.9,,16.8,,
83377,07/01/2018,start,,26,,81.5,2.40072
83377,07/01/2018,end,31.6,,16.8,,
83377,08/01/2018,start,,24.7,,85.5,0
83377,08/01/2018,end,4.2,,16.6,,
83377,09/01/2018,start,,27.4,,66,0.68592
83377,09/01/2018,end,20,,17.7,,
83377,10/01/2018,start,,27.6,,65,2.05776
83377,10/01/2018,end,0,,17.6,,
83377,11/01/2018,start,,27.5,,59.25,3.4296
83377,11/01/2018,end,0,,19.3,,
83377,12/01/2018,start,,27.3,,67.25,3.08664
83377,12/01/2018,end,0,,17.6,,
83377,13/01/2018,start,,27.6,,76,1.7148
83377,13/01/2018,end,0,,16,,
83377,14/01/2018,start,,22.6,,82.25,1.7148
83377,14/01/2018,end,7.3,,16.9,,
83377,15/01/2018,start,,27.4,,82.5,1.02888
83377,15/01/2018,end,0.6,,16.8,,
83377,16/01/2018,start,,28.5,,65.75,2.74368
83377,16/01/2018,end,0.2,,17.2,,
83377,17/01/2018,start,,28.2,,57,4.80144
83377,17/01/2018,end,0,,17.7,,
83377,18/01/2018,start,,28.1,,50.75,1.7148
83377,18/01/2018,end,0,,16.8,,
83377,19/01/2018,start,,28.9,,49.5,3.08664
83377,19/01/2018,end,0,,16.3,,
83377,20/01/2018,start,,29.4,,43.25,2.05776
83377,20/01/2018,end,0,,17.3,,
83377,21/01/2018,start,,30.2,,42,1.37184
83377,21/01/2018,end,0,,17.4,,
83377,22/01/2018,start,,30.1,,38.75,0.68592
83377,22/01/2018,end,0,,18.3,,
83377,23/01/2018,start,,30.9,,39.5,2.40072
83377,23/01/2018,end,0,,16.8,,
83377,24/01/2018,start,,29.9,,61,2.40072
83377,24/01/2018,end,0,,20.8,,
83377,25/01/2018,start,,25.1,,78,0
83377,25/01/2018,end,7.8,,19.1,,
83377,26/01/2018,start,,26.5,,85,0
83377,26/01/2018,end,2.1,,19.5,,
83377,27/01/2018,start,,27.8,,81.5,1.02888
83377,27/01/2018,end,16.8,,17.6,,
83377,28/01/2018,start,,26.5,,75.25,2.74368
83377,28/01/2018,end,25.4,,17.8,,
83377,29/01/2018,start,,27.4,,79.75,2.05776
83377,29/01/2018,end,0,,19.6,,
83377,30/01/2018,start,,28.1,,72.75,2.05776
83377,30/01/2018,end,2.2,,19.2,,
83377,31/01/2018,start,,28.2,,79,2.74368
83377,31/01/2018,end,0,,20,,
83377,01/02/2018,start,,26.3,,83.75,2.40072
83377,01/02/2018,end,26.2,,17.3,,
83377,02/02/2018,start,,26.6,,85.25,2.74368
83377,02/02/2018,end,23.8,,18.9,,
83377,03/02/2018,start,,26.4,,88.25,2.74368
83377,03/02/2018,end,1,,19,,
83377,04/02/2018,start,,19.8,,93.25,0
83377,04/02/2018,end,52.4,,16.4,,
83377,05/02/2018,start,,23.2,,82.75,2.91516
83377,05/02/2018,end,2,,17.5,,
83377,06/02/2018,start,,25.8,,76.25,3.08664
83377,06/02/2018,end,0.1,,16.8,,
83377,07/02/2018,start,,26.2,,82,2.40072
83377,07/02/2018,end,0,,17.8,,
83377,08/02/2018,start,,27.5,,75.25,2.05776
83377,08/02/2018,end,80.2,,16.8,,
83377,09/02/2018,start,,26.8,,73,1.7148
83377,09/02/2018,end,0.2,,20,,
83377,10/02/2018,start,,26.8,,89,1.02888
83377,10/02/2018,end,2.4,,18.6,,
83377,11/02/2018,start,,28.8,,68.5,1.37184
83377,11/02/2018,end,2.1,,17.2,,
83377,12/02/2018,start,,28.5,,55.25,2.40072
83377,12/02/2018,end,0,,19.1,,
83377,13/02/2018,start,,28.6,,50.5,0.68592
83377,13/02/2018,end,0,,17.9,,
83377,14/02/2018,start,,28.6,,52.5,2.40072
83377,14/02/2018,end,0,,17.8,,
83377,15/02/2018,start,,27.5,,63.5,3.4296
83377,15/02/2018,end,0,,19,,
83377,16/02/2018,start,,28.1,,64.25,4.80144
83377,16/02/2018,end,0,,19.3,,
83377,17/02/2018,start,,28.8,,61.5,2.05776
83377,17/02/2018,end,0,,20,,
83377,18/02/2018,start,,27.5,,79.25,1.7148
83377,18/02/2018,end,0,,19.2,,
83377,19/02/2018,start,,26.8,,84.5,1.37184
83377,19/02/2018,end,0.7,,18.2,,
83377,20/02/2018,start,,25.9,,81.5,1.7148
83377,20/02/2018,end,18.7,,18.7,,
83377,21/02/2018,start,,25.3,,90.5,0.34296
83377,21/02/2018,end,7.4,,19.5,,
83377,22/02/2018,start,,24.5,,82.5,2.05776
83377,22/02/2018,end,16.7,,18.4,,
83377,23/02/2018,start,,26.8,,73.5,1.37184
83377,23/02/2018,end,0.3,,17.6,,
83377,24/02/2018,start,,29.2,,78,1.02888
83377,24/02/2018,end,0.1,,17.2,,
83377,25/02/2018,start,,28.1,,81,2.05776
83377,25/02/2018,end,20.3,,18.5,,
83377,26/02/2018,start,,26,,73.5,1.02888
83377,26/02/2018,end,8.6,,18.6,,
83377,27/02/2018,start,,28.2,,78.5,0.34296
83377,27/02/2018,end,8.8,,19.5,,
83377,28/02/2018,start,,29,,73.25,0.34296
83377,28/02/2018,end,0,,18.9,,
83377,01/03/2018,start,,29.1,,67,1.7148
83377,01/03/2018,end,2,,17.8,,
83377,02/03/2018,start,,28.4,,79.25,3.08664
83377,02/03/2018,end,0,,18.7,,
83377,03/03/2018,start,,28.2,,67.25,1.54332
83377,03/03/2018,end,0.3,,17.8,,
83377,04/03/2018,start,,31,,77,1.02888
83377,04/03/2018,end,0,,19,,
83377,05/03/2018,start,,28.7,,71.75,0
83377,05/03/2018,end,62,,18.5,,
83377,06/03/2018,start,,28,,70.5,1.02888
83377,06/03/2018,end,2.6,,19.7,,
83377,07/03/2018,start,,28.6,,81.5,1.37184
83377,07/03/2018,end,0,,20,,
83377,08/03/2018,start,,26.4,,89,2.05776
83377,08/03/2018,end,28.4,,19.3,,
83377,09/03/2018,start,,26.8,,84.5,0
83377,09/03/2018,end,7.4,,19.3,,
83377,10/03/2018,start,,26,,94.25,3.94404
83377,10/03/2018,end,45.4,,18.4,,
83377,11/03/2018,start,,24.8,,87,1.02888
83377,11/03/2018,end,6.5,,18.2,,
83377,12/03/2018,start,,27,,80.5,0.68592
83377,12/03/2018,end,0.7,,19,,
83377,13/03/2018,start,,28.4,,83.25,0.68592
83377,13/03/2018,end,2.7,,20.5,,
83377,14/03/2018,start,,27.2,,89.25,2.74368
83377,14/03/2018,end,30.8,,18.9,,
83377,15/03/2018,start,,27.9,,76.25,0.34296
83377,15/03/2018,end,0,,17.8,,
83377,16/03/2018,start,,29.4,,71.75,1.02888
83377,16/03/2018,end,0,,18.9,,
83377,17/03/2018,start,,27.6,,73.5,3.4296
83377,17/03/2018,end,0,,19.1,,
83377,18/03/2018,start,,27.6,,70.25,0.34296
83377,18/03/2018,end,0,,18.8,,
83377,19/03/2018,start,,28.6,,72,1.37184
83377,19/03/2018,end,0,,19.3,,
83377,20/03/2018,start,,28,,78.25,0.34296
83377,20/03/2018,end,6.9,,19.1,,
83377,21/03/2018,start,,27.6,,83.75,0
83377,21/03/2018,end,1,,19.7,,
83377,22/03/2018,start,,,,,0
83377,22/03/2018,end,13.6,,18.7,,
83377,23/03/2018,start,,27.8,,74.5,4.45848
83377,23/03/2018,end,0,,17.3,,
83377,24/03/2018,start,,24.6,,83.25,0.68592
83377,24/03/2018,end,11.8,,17,,
83377,25/03/2018,start,,26.2,,76,2.05776
83377,25/03/2018,end,19.4,,18.8,,
83377,26/03/2018,start,,26.3,,69.75,2.05776
83377,26/03/2018,end,0,,18.8,,
83377,27/03/2018,start,,27,,63,2.05776
83377,27/03/2018,end,0,,17.6,,
83377,28/03/2018,start,,26.7,,58,3.08664
83377,28/03/2018,end,0,,19.3,,
83377,29/03/2018,start,,27,,62,5.48736
83377,29/03/2018,end,0,,18.3,,
83377,30/03/2018,start,,25.8,,67.75,1.02888
83377,30/03/2018,end,0,,20.1,,
83377,31/03/2018,start,,26.7,,78.75,1.7148
83377,31/03/2018,end,0,,19.6,,
83377,01/04/2018,start,,26.9,,77.25,1.7148
83377,01/04/2018,end,3.4,,18.5,,
83377,02/04/2018,start,,24.5,,88.25,0
83377,02/04/2018,end,11.7,,19.1,,
83377,03/04/2018,start,,27.9,,78.5,1.37184
83377,03/04/2018,end,4.1,,17.6,,
83377,04/04/2018,start,,25.9,,89.5,0
83377,04/04/2018,end,48.2,,19.4,,
83377,05/04/2018,start,,27.2,,85.5,0
83377,05/04/2018,end,9.2,,17.7,,
83377,06/04/2018,start,,26.5,,89.5,0.68592
83377,06/04/2018,end,0.8,,18.5,,
83377,07/04/2018,start,,26.3,,84.75,2.05776
83377,07/04/2018,end,36.8,,17.5,,
83377,08/04/2018,start,,26.2,,92.25,1.7148
83377,08/04/2018,end,0.1,,18.8,,
83377,09/04/2018,start,,25.8,,80.25,3.08664
83377,09/04/2018,end,9.5,,17.6,,
83377,10/04/2018,start,,25.1,,78.25,2.05776
83377,10/04/2018,end,0.3,,17.8,,
83377,11/04/2018,start,,25.6,,74.5,4.37274
83377,11/04/2018,end,0,,18.1,,
83377,12/04/2018,start,,23.8,,75.5,3.77256
83377,12/04/2018,end,0,,16.1,,
83377,13/04/2018,start,,25.2,,79.5,3.08664
83377,13/04/2018,end,0,,17.8,,
83377,14/04/2018,start,,22.8,,83,2.05776
83377,14/04/2018,end,6,,17.4,,
83377,15/04/2018,start,,25.6,,81.75,3.4296
83377,15/04/2018,end,0,,17.7,,
83377,16/04/2018,start,,25.4,,78.25,0.34296
83377,16/04/2018,end,50.2,,16.9,,
83377,17/04/2018,start,,22.2,,83.75,5.65884
83377,17/04/2018,end,0,,17.5,,
83377,18/04/2018,start,,20.7,,81.75,3.08664
83377,18/04/2018,end,0,,16.5,,
83377,19/04/2018,start,,25.2,,72,1.7148
83377,19/04/2018,end,0,,15.9,,
83377,20/04/2018,start,,24,,74.75,0.68592
83377,20/04/2018,end,0,,15.8,,
83377,21/04/2018,start,,26.2,,75,1.02888
83377,21/04/2018,end,0,,15.8,,
83377,22/04/2018,start,,25.8,,77.5,0
83377,22/04/2018,end,0,,16,,
83377,23/04/2018,start,,26.5,,73.5,1.7148
83377,23/04/2018,end,2.7,,17.7,,
83377,24/04/2018,start,,26.4,,65.25,3.08664
83377,24/04/2018,end,17.2,,17.4,,
83377,25/04/2018,start,,26,,72.25,2.05776
83377,25/04/2018,end,0,,17.6,,
83377,26/04/2018,start,,27,,70.25,1.02888
83377,26/04/2018,end,0,,16.5,,
83377,27/04/2018,start,,26.6,,64.5,2.74368
83377,27/04/2018,end,18.7,,16.4,,
83377,28/04/2018,start,,26.6,,63.75,5.1444
83377,28/04/2018,end,0,,17.2,,
83377,29/04/2018,start,,26.4,,63.5,3.08664
83377,29/04/2018,end,0,,17,,
83377,30/04/2018,start,,26,,60,1.02888
83377,30/04/2018,end,0,,15.7,,
83377,01/05/2018,start,,26.4,,56,1.7148
83377,01/05/2018,end,0,,15.2,,
83377,02/05/2018,start,,26.4,,57.25,2.40072
83377,02/05/2018,end,0,,14.1,,
83377,03/05/2018,start,,27.7,,63.75,2.74368
83377,03/05/2018,end,0,,15.5,,
83377,04/05/2018,start,,26.9,,67.5,2.05776
83377,04/05/2018,end,0,,16.9,,
83377,05/05/2018,start,,26.1,,59.5,1.37184
83377,05/05/2018,end,0,,16,,
83377,06/05/2018,start,,25.8,,65.5,2.74368
83377,06/05/2018,end,0,,11.6,,
83377,07/05/2018,start,,26.3,,58,3.08664
83377,07/05/2018,end,0,,14.9,,
83377,08/05/2018,start,,25.4,,61.75,2.74368
83377,08/05/2018,end,0,,16.1,,
83377,09/05/2018,start,,24.7,,64,3.77256
83377,09/05/2018,end,0,,16.1,,
83377,10/05/2018,start,,24.6,,64.75,3.4296
83377,10/05/2018,end,0,,15.6,,
83377,11/05/2018,start,,25.8,,62,0.68592
83377,11/05/2018,end,0,,17.2,,
83377,12/05/2018,start,,27,,60,0.68592
83377,12/05/2018,end,0,,13.6,,
83377,13/05/2018,start,,27.1,,57.75,0.68592
83377,13/05/2018,end,0,,13.8,,
83377,14/05/2018,start,,26.7,,63,2.74368
83377,14/05/2018,end,0,,14.4,,
83377,15/05/2018,start,,26.5,,61.25,2.74368
83377,15/05/2018,end,0,,16.6,,
83377,16/05/2018,start,,27.1,,63.75,1.7148
83377,16/05/2018,end,0,,14.1,,
83377,17/05/2018,start,,25.6,,68,1.02888
83377,17/05/2018,end,0,,14.8,,
83377,18/05/2018,start,,26.4,,67.25,2.74368
83377,18/05/2018,end,0,,16.4,,
83377,19/05/2018,start,,27.3,,76.75,2.05776
83377,19/05/2018,end,0,,15.6,,
83377,20/05/2018,start,,22.7,,83.25,0.68592
83377,20/05/2018,end,10.9,,14.5,,
83377,21/05/2018,start,,25.6,,65.25,1.02888
83377,21/05/2018,end,0,,9.3,,
83377,22/05/2018,start,,26.2,,54.75,1.37184
83377,22/05/2018,end,0,,12,,
83377,23/05/2018,start,,26.6,,60,2.05776
83377,23/05/2018,end,0,,13.7,,
83377,24/05/2018,start,,25.6,,48.25,3.4296
83377,24/05/2018,end,0,,13.8,,
83377,25/05/2018,start,,24.3,,75.25,3.4296
83377,25/05/2018,end,0,,16.3,,
83377,26/05/2018,start,,24.1,,64.5,3.4296
83377,26/05/2018,end,0,,14.8,,
83377,27/05/2018,start,,23,,71.75,3.77256
83377,27/05/2018,end,0,,14.4,,
83377,28/05/2018,start,,22.3,,72.25,4.45848
83377,28/05/2018,end,0,,13.9,,
83377,29/05/2018,start,,23.5,,68.25,4.45848
83377,29/05/2018,end,0,,14,,
83377,30/05/2018,start,,23.3,,63.25,1.37184
83377,30/05/2018,end,0,,13.8,,
83377,31/05/2018,start,,24.7,,54.75,1.37184
83377,31/05/2018,end,0,,11.5,,
83377,01/06/2018,start,,25.4,,61.5,1.37184
83377,01/06/2018,end,0,,11.1,,
83377,02/06/2018,start,,25.6,,56.5,1.02888
83377,02/06/2018,end,0,,11.7,,
83377,03/06/2018,start,,25.8,,55,2.74368
83377,03/06/2018,end,0,,12.7,,
83377,04/06/2018,start,,26.4,,60,2.40072
83377,04/06/2018,end,0,,13,,
83377,05/06/2018,start,,26.9,,65.75,2.05776
83377,05/06/2018,end,0,,15.3,,
83377,06/06/2018,start,,27.1,,68,0.68592
83377,06/06/2018,end,0,,14.3,,
83377,07/06/2018,start,,28.3,,63.25,0.68592
83377,07/06/2018,end,0,,15.1,,
83377,08/06/2018,start,,27.7,,66.5,1.02888
83377,08/06/2018,end,0,,15.7,,
83377,09/06/2018,start,,27.3,,60.75,2.05776
83377,09/06/2018,end,0,,14.8,,
83377,10/06/2018,start,,26.8,,61.25,2.74368
83377,10/06/2018,end,0,,17.5,,
83377,11/06/2018,start,,25.8,,65,1.7148
83377,11/06/2018,end,0,,17.1,,
83377,12/06/2018,start,,27.1,,60.5,1.7148
83377,12/06/2018,end,0,,14.8,,
83377,13/06/2018,start,,27.2,,59.75,1.02888
83377,13/06/2018,end,0,,15.3,,
83377,14/06/2018,start,,27.3,,55.5,2.05776
83377,14/06/2018,end,0,,13.4,,
83377,15/06/2018,start,,26.2,,50.5,2.05776
83377,15/06/2018,end,0,,13.6,,
83377,16/06/2018,start,,25.1,,56.75,2.40072
83377,16/06/2018,end,0,,13.2,,
83377,17/06/2018,start,,24.9,,55.75,2.40072
83377,17/06/2018,end,0,,11.6,,
83377,18/06/2018,start,,23.6,,54.75,2.05776
83377,18/06/2018,end,0,,12.8,,
83377,19/06/2018,start,,23.4,,55,4.11552
83377,19/06/2018,end,0,,13.2,,
83377,20/06/2018,start,,24.3,,61.75,4.45848
83377,20/06/2018,end,0,,14.7,,
83377,21/06/2018,start,,25,,58.75,2.74368
83377,21/06/2018,end,0,,14.6,,
83377,22/06/2018,start,,25.9,,57.25,2.74368
83377,22/06/2018,end,0,,12.3,,
83377,23/06/2018,start,,25.4,,46,1.7148
83377,23/06/2018,end,0,,14.1,,
83377,24/06/2018,start,,25.2,,44,2.74368
83377,24/06/2018,end,0,,11.3,,
83377,25/06/2018,start,,25.8,,44,3.08664
83377,25/06/2018,end,0,,11.7,,
83377,26/06/2018,start,,26.1,,49.25,1.7148
83377,26/06/2018,end,0,,14.4,,
83377,27/06/2018,start,,25.8,,43.5,2.40072
83377,27/06/2018,end,0,,14,,
83377,28/06/2018,start,,25.2,,42.5,4.11552
83377,28/06/2018,end,0,,13,,
83377,29/06/2018,start,,24.2,,53.25,2.40072
83377,29/06/2018,end,0,,13,,
83377,30/06/2018,start,,24.7,,58.75,2.05776
83377,30/06/2018,end,0,,10.5,,
83377,01/07/2018,start,,25.8,,49.75,1.02888
83377,01/07/2018,end,0,,12.2,,
83377,02/07/2018,start,,26.2,,53,1.7148
83377,02/07/2018,end,0,,12.8,,
83377,03/07/2018,start,,26.3,,47.75,1.7148
83377,03/07/2018,end,0,,12.1,,
83377,04/07/2018,start,,25.8,,43,2.05776
83377,04/07/2018,end,0,,12.2,,
83377,05/07/2018,start,,24.6,,42,2.40072
83377,05/07/2018,end,0,,12.5,,
83377,06/07/2018,start,,24.8,,43.25,3.08664
83377,06/07/2018,end,0,,11,,
83377,07/07/2018,start,,27,,55.5,1.02888
83377,07/07/2018,end,0,,14.9,,
83377,08/07/2018,start,,28.6,,53.75,1.7148
83377,08/07/2018,end,0,,12.8,,
83377,09/07/2018,start,,28.6,,49.75,1.7148
83377,09/07/2018,end,0,,13.1,,
83377,10/07/2018,start,,27.4,,57,1.37184
83377,10/07/2018,end,0,,13.9,,
83377,11/07/2018,start,,25.4,,58.25,0.68592
83377,11/07/2018,end,0,,13.2,,
83377,12/07/2018,start,,26.9,,59,1.37184
83377,12/07/2018,end,0,,13.4,,
83377,13/07/2018,start,,26.8,,54.5,1.7148
83377,13/07/2018,end,0,,13,,
83377,14/07/2018,start,,25.9,,50.5,2.40072
83377,14/07/2018,end,0,,12.9,,
83377,15/07/2018,start,,26.1,,45.5,3.08664
83377,15/07/2018,end,0,,12.8,,
83377,16/07/2018,start,,24.9,,56,3.08664
83377,16/07/2018,end,0,,14.9,,
83377,17/07/2018,start,,24.9,,53.75,4.45848
83377,17/07/2018,end,0,,14.1,,
83377,18/07/2018,start,,23.4,,65.25,2.74368
83377,18/07/2018,end,0,,15.1,,
83377,19/07/2018,start,,25.3,,46.25,4.45848
83377,19/07/2018,end,0,,,,
83377,20/07/2018,start,,25.4,,55,2.74368
83377,20/07/2018,end,0,,14,,
83377,21/07/2018,start,,26.6,,45.25,3.4296
83377,21/07/2018,end,0,,11.9,,
83377,22/07/2018,start,,25.9,,40.25,4.11552
83377,22/07/2018,end,0,,12.5,,
83377,23/07/2018,start,,24.4,,43,4.11552
83377,23/07/2018,end,0,,13.9,,
83377,24/07/2018,start,,24.3,,51,4.45848
83377,24/07/2018,end,0,,13.1,,
83377,25/07/2018,start,,24.2,,48.75,4.11552
83377,25/07/2018,end,0,,14.5,,
83377,26/07/2018,start,,24.6,,47.5,2.40072
83377,26/07/2018,end,0,,13.4,,
83377,27/07/2018,start,,25.7,,44.5,3.4296
83377,27/07/2018,end,0,,11.9,,
83377,28/07/2018,start,,26.8,,39.75,4.80144
83377,28/07/2018,end,0,,12.1,,
83377,29/07/2018,start,,27.4,,41.75,0.68592
83377,29/07/2018,end,0,,12.3,,
83377,30/07/2018,start,,28.5,,39.25,1.02888
83377,30/07/2018,end,0,,13.3,,
83377,31/07/2018,start,,,,,1.02888
83377,31/07/2018,end,0,,13,,
83377,01/08/2018,start,,29.1,,40.75,0
83377,01/08/2018,end,0,,14,,
83377,02/08/2018,start,,29,,51.75,1.7148
83377,02/08/2018,end,0,,17,,
83377,03/08/2018,start,,29.1,,49.75,1.02888
83377,03/08/2018,end,0,,17.4,,
83377,04/08/2018,start,,29.8,,40.25,0
83377,04/08/2018,end,0,,15.6,,
83377,05/08/2018,start,,28.8,,50.5,0.68592
83377,05/08/2018,end,0,,16.4,,
83377,06/08/2018,start,,29.4,,50.5,0.34296
83377,06/08/2018,end,0,,17,,
83377,07/08/2018,start,,28.6,,56.25,1.37184
83377,07/08/2018,end,0,,16.4,,
83377,08/08/2018,start,,28.9,,51.25,2.40072
83377,08/08/2018,end,0,,16.5,,
83377,09/08/2018,start,,26.1,,75.25,0.34296
83377,09/08/2018,end,0.8,,18.8,,
83377,10/08/2018,start,,28.2,,62.75,0
83377,10/08/2018,end,1.4,,16.7,,
83377,11/08/2018,start,,30.3,,36.25,1.7148
83377,11/08/2018,end,0,,14.4,,
83377,12/08/2018,start,,30.4,,31.75,1.02888
83377,12/08/2018,end,0,,11.8,,
83377,13/08/2018,start,,31.2,,29.5,2.40072
83377,13/08/2018,end,0,,12.5,,
83377,14/08/2018,start,,30.2,,36.5,2.74368
83377,14/08/2018,end,0,,12.3,,
83377,15/08/2018,start,,29.8,,41.75,0.68592
83377,15/08/2018,end,0,,15.8,,
83377,16/08/2018,start,,24,,77.25,1.7148
83377,16/08/2018,end,10.7,,17,,
83377,17/08/2018,start,,21.8,,80.25,3.08664
83377,17/08/2018,end,0,,16,,
83377,18/08/2018,start,,25.4,,73.25,2.74368
83377,18/08/2018,end,0,,15.1,,
83377,19/08/2018,start,,27,,56.75,2.40072
83377,19/08/2018,end,4.1,,15.5,,
83377,20/08/2018,start,,27.1,,42.25,2.40072
83377,20/08/2018,end,0,,15.6,,
83377,21/08/2018,start,,28,,44.75,3.08664
83377,21/08/2018,end,0,,15.7,,
83377,22/08/2018,start,,29.3,,45,2.05776
83377,22/08/2018,end,0,,16.2,,
83377,23/08/2018,start,,28.9,,40.5,2.40072
83377,23/08/2018,end,0,,18.6,,
83377,24/08/2018,start,,29.5,,36.25,2.40072
83377,24/08/2018,end,0,,19.2,,
83377,25/08/2018,start,,29.9,,54.5,2.05776
83377,25/08/2018,end,0,,17,,
83377,26/08/2018,start,,28.6,,51.25,1.7148
83377,26/08/2018,end,4.1,,18.2,,
83377,27/08/2018,start,,28,,46.75,4.45848
83377,27/08/2018,end,0,,17.5,,
83377,28/08/2018,start,,26,,46.25,6.51624
83377,28/08/2018,end,0,,16.4,,
83377,29/08/2018,start,,26.4,,44.25,5.1444
83377,29/08/2018,end,0,,16,,
83377,30/08/2018,start,,26.6,,38.75,3.08664
83377,30/08/2018,end,0,,16.2,,
83377,31/08/2018,start,,28.5,,39.25,2.05776
83377,31/08/2018,end,0,,17.5,,
83377,01/09/2018,start,,29.5,,34.5,2.05776
83377,01/09/2018,end,0,,16.7,,
83377,02/09/2018,start,,30.2,,33.25,2.40072
83377,02/09/2018,end,0,,24.5,,
83377,03/09/2018,start,,30.4,,45.25,2.05776
83377,03/09/2018,end,0,,17,,
83377,04/09/2018,start,,29.2,,38.25,3.4296
83377,04/09/2018,end,0,,14,,
83377,05/09/2018,start,,29.1,,46,1.7148
83377,05/09/2018,end,0,,12.6,,
83377,06/09/2018,start,,30.6,,39.75,1.02888
83377,06/09/2018,end,0,,14,,
83377,07/09/2018,start,,29.5,,44,3.08664
83377,07/09/2018,end,0,,17,,
83377,08/09/2018,start,,28.6,,36.75,4.11552
83377,08/09/2018,end,0,,16.2,,
83377,09/09/2018,start,,28.5,,29.5,3.08664
83377,09/09/2018,end,0,,16.8,,
83377,10/09/2018,start,,29.1,,26.5,1.7148
83377,10/09/2018,end,0,,14.5,,
83377,11/09/2018,start,,30.6,,30.75,0.68592
83377,11/09/2018,end,0,,14.8,,
83377,12/09/2018,start,,32.2,,23.5,0.8574
83377,12/09/2018,end,0,,15.8,,
83377,13/09/2018,start,,30.4,,34,4.45848
83377,13/09/2018,end,0,,16.3,,
83377,14/09/2018,start,,30.2,,37.25,3.77256
83377,14/09/2018,end,0,,18.1,,
83377,15/09/2018,start,,27.6,,71,1.7148
83377,15/09/2018,end,0,,17.8,,
83377,16/09/2018,start,,31.2,,45.5,0.34296
83377,16/09/2018,end,1.2,,17.1,,
83377,17/09/2018,start,,27.2,,78.5,2.05776
83377,17/09/2018,end,1.6,,17.9,,
83377,18/09/2018,start,,27.8,,81,1.02888
83377,18/09/2018,end,8.7,,16.1,,
83377,19/09/2018,start,,28.1,,70.25,3.77256
83377,19/09/2018,end,17.3,,17.7,,
83377,20/09/2018,start,,28.4,,69.75,1.02888
83377,20/09/2018,end,0.2,,19,,
83377,21/09/2018,start,,29.6,,62.75,0.68592
83377,21/09/2018,end,9.8,,17,,
83377,22/09/2018,start,,31,,48.5,0
83377,22/09/2018,end,0,,25.5,,
83377,23/09/2018,start,,32,,45.75,2.05776
83377,23/09/2018,end,0,,17.2,,
83377,24/09/2018,start,,31.9,,40.75,2.05776
83377,24/09/2018,end,0,,20.8,,
83377,25/09/2018,start,,32.2,,33,1.7148
83377,25/09/2018,end,0,,18.8,,
83377,26/09/2018,start,,31.9,,26,3.4296
83377,26/09/2018,end,0,,19.6,,
83377,27/09/2018,start,,32.3,,32.75,1.7148
83377,27/09/2018,end,0,,18.2,,
83377,28/09/2018,start,,32.8,,45.75,0
83377,28/09/2018,end,0,,18.8,,
83377,29/09/2018,start,,33.6,,42.25,1.02888
83377,29/09/2018,end,0,,19.9,,
83377,30/09/2018,start,,32.9,,45.25,1.7148
83377,30/09/2018,end,0,,27.8,,
83377,01/10/2018,start,,30.5,,69,0
83377,01/10/2018,end,0,,20.1,,
83377,02/10/2018,start,,26.5,,57,1.37184
83377,02/10/2018,end,3.6,,18,,
83377,03/10/2018,start,,31.1,,53.75,1.7148
83377,03/10/2018,end,0,,19.8,,
83377,04/10/2018,start,,31.6,,48.75,2.74368
83377,04/10/2018,end,0.2,,21,,
83377,05/10/2018,start,,29.1,,52.5,1.02888
83377,05/10/2018,end,6.6,,20.3,,
83377,06/10/2018,start,,31,,71.5,1.7148
83377,06/10/2018,end,0,,20.1,,
83377,07/10/2018,start,,28,,66,0
83377,07/10/2018,end,2,,19.5,,
83377,08/10/2018,start,,31.6,,47,1.7148
83377,08/10/2018,end,0,,20.4,,
83377,09/10/2018,start,,28.8,,59.25,2.74368
83377,09/10/2018,end,0,,18.7,,
83377,10/10/2018,start,,29.3,,60.75,2.74368
83377,10/10/2018,end,0,,20.6,,
83377,11/10/2018,start,,32.5,,51.5,2.40072
83377,11/10/2018,end,0,,20.8,,
83377,12/10/2018,start,,32.6,,32.5,2.05776
83377,12/10/2018,end,0,,21.2,,
83377,13/10/2018,start,,32.5,,43,1.37184
83377,13/10/2018,end,0,,22.4,,
83377,14/10/2018,start,,32.8,,66.5,1.37184
83377,14/10/2018,end,0,,20.9,,
83377,15/10/2018,start,,28.8,,69.25,0
83377,15/10/2018,end,9.8,,19,,
83377,16/10/2018,start,,29.8,,65.25,2.40072
83377,16/10/2018,end,0,,18.5,,
83377,17/10/2018,start,,27.4,,64.75,0.34296
83377,17/10/2018,end,0,,17.8,,
83377,18/10/2018,start,,30.3,,66.25,2.05776
83377,18/10/2018,end,0,,18.9,,
83377,19/10/2018,start,,23.7,,84.75,0
83377,19/10/2018,end,39.6,,18.4,,
83377,20/10/2018,start,,27.8,,79.5,0.34296
83377,20/10/2018,end,3,,18.6,,
83377,21/10/2018,start,,25.6,,90,0
83377,21/10/2018,end,49.1,,19.1,,
83377,22/10/2018,start,,24.4,,87.75,1.37184
83377,22/10/2018,end,20.9,,18.2,,
83377,23/10/2018,start,,26.8,,89.25,0.68592
83377,23/10/2018,end,0,,18.9,,
83377,24/10/2018,start,,26.8,,75.5,0
83377,24/10/2018,end,24.9,,18.1,,
83377,25/10/2018,start,,26.3,,90.5,1.02888
83377,25/10/2018,end,0,,18.8,,
83377,26/10/2018,start,,28.8,,74.75,1.02888
83377,26/10/2018,end,16,,18.8,,
83377,27/10/2018,start,,30.6,,62.5,4.11552
83377,27/10/2018,end,20.1,,19.1,,
83377,28/10/2018,start,,30.1,,58.75,2.40072
83377,28/10/2018,end,0,,18.5,,
83377,29/10/2018,start,,28,,84.25,0
83377,29/10/2018,end,0,,19.4,,
83377,30/10/2018,start,,29.4,,64.5,2.40072
83377,30/10/2018,end,48.2,,15.8,,
83377,31/10/2018,start,,28.8,,71.75,1.02888
83377,31/10/2018,end,0,,19.5,,
83377,01/11/2018,start,,26.9,,87,1.02888
83377,01/11/2018,end,10.5,,17.8,,
83377,02/11/2018,start,,25.9,,86.25,0.68592
83377,02/11/2018,end,9.1,,18.9,,
83377,03/11/2018,start,,25.4,,89.75,1.37184
83377,03/11/2018,end,2.1,,18.9,,
83377,04/11/2018,start,,27.3,,74.75,3.94404
83377,04/11/2018,end,44.2,,17.8,,
83377,05/11/2018,start,,28.4,,72.75,2.40072
83377,05/11/2018,end,0,,17.8,,
83377,06/11/2018,start,,23.8,,91,2.40072
83377,06/11/2018,end,2.3,,19,,
83377,07/11/2018,start,,24,,84.25,2.74368
83377,07/11/2018,end,11.6,,17.7,,
83377,08/11/2018,start,,24.7,,89.5,0
83377,08/11/2018,end,27.9,,18.4,,
83377,09/11/2018,start,,22,,92.5,1.7148
83377,09/11/2018,end,32.8,,17.8,,
83377,10/11/2018,start,,20.7,,93.25,1.02888
83377,10/11/2018,end,8.5,,18.3,,
83377,11/11/2018,start,,28.3,,77.25,2.40072
83377,11/11/2018,end,14.4,,16,,
83377,12/11/2018,start,,28.4,,78.5,2.05776
83377,12/11/2018,end,5.4,,19,,
83377,13/11/2018,start,,27.8,,75,1.7148
83377,13/11/2018,end,43.5,,18.3,,
83377,14/11/2018,start,,28.2,,73.5,1.02888
83377,14/11/2018,end,0.9,,17.8,,
83377,15/11/2018,start,,29,,75.25,1.37184
83377,15/11/2018,end,25.4,,18.2,,
83377,16/11/2018,start,,26.9,,85.75,0.34296
83377,16/11/2018,end,30.9,,17.9,,
83377,17/11/2018,start,,25.6,,82.5,1.37184
83377,17/11/2018,end,31,,19,,
83377,18/11/2018,start,,28.6,,74.5,2.05776
83377,18/11/2018,end,3,,19.7,,
83377,19/11/2018,start,,27.4,,87.25,0.68592
83377,19/11/2018,end,0,,20.2,,
83377,20/11/2018,start,,25,,86.75,0
83377,20/11/2018,end,3.1,,18.8,,
83377,21/11/2018,start,,25.9,,85,1.37184
83377,21/11/2018,end,3.7,,18.6,,
83377,22/11/2018,start,,23.8,,79.75,3.77256
83377,22/11/2018,end,5.7,,18.3,,
83377,23/11/2018,start,,27.4,,75.25,1.37184
83377,23/11/2018,end,0,,18.3,,
83377,24/11/2018,start,,21.6,,91.75,2.74368
83377,24/11/2018,end,20.7,,17.8,,
83377,25/11/2018,start,,20,,94.75,0.68592
83377,25/11/2018,end,5.9,,18.2,,
83377,26/11/2018,start,,25.1,,81.5,3.4296
83377,26/11/2018,end,28.8,,17.7,,
83377,27/11/2018,start,,25.8,,74,3.4296
83377,27/11/2018,end,0.1,,17.6,,
83377,28/11/2018,start,,26.6,,69,6.68772
83377,28/11/2018,end,0,,17.4,,
83377,29/11/2018,start,,28.6,,60.25,1.7148
83377,29/11/2018,end,0,,17.4,,
83377,30/11/2018,start,,27,,76,2.40072
83377,30/11/2018,end,0,,20,,
83377,01/12/2018,start,,23.8,,84,4.11552
83377,01/12/2018,end,0.2,,18.6,,